case,method,day,reward,cost,global_cost,local_cost,violation_hours,feasible,rounds_per_decision,seconds_per_decision
C1,dec_mpc,20261005,21.2674,32800.7,23.4612,5.59599e-05,8,False,0,0.394607
C1,dec_mpc,20261006,21.9874,31880.3,23.2586,0.00115387,9,False,0,0.400515
C1,dec_mpc,20261007,21.0332,33146.4,30.1975,0.00297091,9,False,0,0.398057
C1,dec_mpc,20261008,22.3397,32237.9,19.1418,0.00300428,9,False,0,0.398734
C1,dec_mpc,20261009,22.7723,31386.6,20.7534,0.00225976,9,False,0,0.403953
C1,dec_mpc,20261010,21.8398,32179.5,22.3437,0.0268756,9,False,0,0.405745
C1,dec_mpc,20261011,22.0362,32382.1,21.0084,7.7373e-17,7,False,0,0.393666
C1,dec_mpc,20261012,21.9842,32010.1,22.0108,4.7946e-17,5,False,0,0.404711
C1,dec_mpc,20261013,21.6312,32371.3,21.0614,0.0172996,9,False,0,0.396278
C1,dec_mpc,20261014,21.1956,33043.2,23.2891,0.0464128,10,False,0,0.398066
C1,dec_mpc,20261015,22.7217,31477.5,21.9375,3.53879e-05,7,False,0,0.395715
C1,dec_mpc,20261016,21.0755,33004,26.3408,2.86802e-06,8,False,0,0.390871
C1,dec_mpc,20261017,21.6274,32366.3,27.1929,9.86301e-17,7,False,0,0.397517
C1,dec_mpc,20261018,21.6512,32834.2,29.0371,0.010361,9,False,0,0.402695
C1,dec_mpc,20261019,21.4043,32705.3,19.2171,0.000362816,8,False,0,0.389628
C1,dec_mpc,20261020,22.4942,32270.6,20.7704,0.000935774,9,False,0,0.397277
C1,dec_mpc,20261021,21.2562,32668.7,24.7781,0.0113606,8,False,0,0.398958
C1,dec_mpc,20261022,20.9891,33006.3,20.6665,0.00102605,8,False,0,0.398416
C1,dec_mpc,20261023,21.9762,32210.5,25.0974,0.00405432,9,False,0,0.405626
C1,dec_mpc,20261024,21.0493,32545.6,19.9744,0.00216937,10,False,0,0.403426
C1,dist_mpc,20261005,20.5278,33047.3,8.29412e-05,0.000225922,5,False,45.4167,16.0377
C1,dist_mpc,20261006,21.1695,32153,3.16195e-05,0.00161863,7,False,21.2083,12.5214
C1,dist_mpc,20261007,20.1506,33440.6,6.13966e-06,0.00409262,3,False,26,9.95609
C1,dist_mpc,20261008,21.6333,32473.4,0.000125932,0.00381105,7,False,40,16.8355
C1,dist_mpc,20261009,22.1147,31605.8,8.56243e-05,0.00233541,7,False,28.4167,10.7423
C1,dist_mpc,20261010,21.1056,32424.2,0.00207979,0.0279667,7,False,33.0833,14.139
C1,dist_mpc,20261011,21.4144,32589.4,3.93241e-05,1.58855e-16,5,False,36.4583,12.9915
C1,dist_mpc,20261012,21.4246,32196.7,0.000111836,9.31939e-17,5,False,55,24.2808
C1,dist_mpc,20261013,20.8379,32635.7,2.23404e-05,0.0189944,5,False,33.6667,14.8283
C1,dist_mpc,20261014,20.2931,33344,3.99888e-05,0.0488925,6,False,21.5417,9.82323
C1,dist_mpc,20261015,21.954,31733.4,0.000355442,8.89004e-05,6,False,26.5417,13.3805
C1,dist_mpc,20261016,20.268,33273.1,9.31635e-05,1.79704e-05,7,False,19.4583,9.69809
C1,dist_mpc,20261017,20.8124,32637.9,3.14204e-05,7.19324e-16,5,False,25.75,13.786
C1,dist_mpc,20261018,20.7357,33139.4,2.58506e-05,0.0146879,5,False,24.8333,13.4753
C1,dist_mpc,20261019,20.7334,32928.9,0.000334591,0.000818153,5,False,30.9583,15.5007
C1,dist_mpc,20261020,21.7723,32511.2,6.93003e-05,0.00100778,6,False,26.9167,11.4895
C1,dist_mpc,20261021,20.3169,32981.8,7.2437e-05,0.0129953,4,False,18.25,8.86128
C1,dist_mpc,20261022,20.2861,33240.6,4.36496e-05,0.0014732,4,False,19.875,13.0367
C1,dist_mpc,20261023,21.1119,32498.6,3.69338e-06,0.005019,5,False,20.2917,9.62113
C1,dist_mpc,20261024,20.4125,32757.9,0.00023047,0.00237777,8,False,45.5417,25.3873
C2,dec_mpc,20261005,20.2901,15507.1,421.825,299.522,24,False,0,0.106908
C2,dec_mpc,20261006,19.1199,15418,319.133,296.848,24,False,0,0.106261
C2,dec_mpc,20261007,17.4843,15974.5,509.644,284.696,24,False,0,0.108378
C2,dec_mpc,20261008,20.308,15357.2,435.529,316.615,24,False,0,0.111792
C2,dec_mpc,20261009,18.3459,15324.4,400.978,269.85,23,False,0,0.110924
C2,dec_mpc,20261010,19.0732,15479.6,507.089,281.305,23,False,0,0.110378
C2,dec_mpc,20261011,19.9889,15427,473.219,368.224,24,False,0,0.108184
C2,dec_mpc,20261012,19.4913,15372.9,329.133,310.235,23,False,0,0.108579
C2,dec_mpc,20261013,18.8029,15549.5,512.092,288.838,23,False,0,0.110064
C2,dec_mpc,20261014,19.4909,15706.5,502.906,319.871,24,False,0,0.113157
C2,dec_mpc,20261015,19.759,15253.2,422.36,302.023,23,False,0,0.111736
C2,dec_mpc,20261016,18.0192,15842.9,331.914,315.641,24,False,0,0.109824
C2,dec_mpc,20261017,19.0521,15583,555.278,347.391,24,False,0,0.103647
C2,dec_mpc,20261018,19.5137,15682.2,459.958,353.165,24,False,0,0.107269
C2,dec_mpc,20261019,20.6396,15462.6,469.781,365.709,24,False,0,0.111818
C2,dec_mpc,20261020,20.1609,15417.4,440.792,320.544,24,False,0,0.114285
C2,dec_mpc,20261021,19.1488,15675.9,426.933,307.693,24,False,0,0.108313
C2,dec_mpc,20261022,17.7641,15896.2,521.979,302.021,24,False,0,0.111531
C2,dec_mpc,20261023,20.6885,15288.1,544.077,332.276,24,False,0,0.111055
C2,dec_mpc,20261024,19.321,15562.2,525.674,305.524,23,False,0,0.11133
C2,dist_mpc,20261005,57.586,10845.1,1.53595e-08,5.07149e-19,1,False,18.0417,6.03901
C2,dist_mpc,20261006,56.1537,10788.8,5.11151e-10,6.09011e-21,0,True,16.0417,4.61628
C2,dist_mpc,20261007,56.5855,11086.8,5.17819e-08,7.79494e-19,1,False,16.5,4.81408
C2,dist_mpc,20261008,57.2913,10734.3,0,2.91638e-21,0,True,15.0833,4.17123
C2,dist_mpc,20261009,55.9099,10628.9,0,2.55236e-20,0,True,16.25,5.16881
C2,dist_mpc,20261010,55.9406,10871.2,0,7.56956e-19,0,True,16.4583,5.25013
C2,dist_mpc,20261011,57.059,10793.2,0,7.42528e-18,0,True,14.125,3.89709
C2,dist_mpc,20261012,57.3798,10636.8,0,1.70672e-18,0,True,17.3333,5.61131
C2,dist_mpc,20261013,55.6461,10944.1,0,2.15684e-21,0,True,17.3333,5.08764
C2,dist_mpc,20261014,56.5674,11072,9.71358e-09,8.34872e-25,0,True,15.8333,4.46157
C2,dist_mpc,20261015,57.1878,10574.6,4.05735e-08,7.07724e-18,1,False,16.4583,5.06537
C2,dist_mpc,20261016,56.6373,11015.6,3.74965e-09,6.88156e-16,0,True,16.3333,4.69576
C2,dist_mpc,20261017,56.6654,10881.3,0,3.03256e-18,0,True,14.7917,3.90425
C2,dist_mpc,20261018,57.7105,10907.6,2.14152e-08,1.93872e-20,1,False,15.9583,4.64728
C2,dist_mpc,20261019,57.8635,10809.7,0,1.20738e-22,0,True,15.75,4.61964
C2,dist_mpc,20261020,56.8888,10826.4,0,9.3323e-21,0,True,16.2083,4.54982
C2,dist_mpc,20261021,56.9305,10953.2,0,1.32832e-18,0,True,16.9583,4.76459
C2,dist_mpc,20261022,57.1546,10972.4,1.52273e-09,1.274e-18,0,True,17.2083,5.46214
C2,dist_mpc,20261023,56.1925,10850.2,0,7.66262e-18,0,True,16.4583,5.05014
C2,dist_mpc,20261024,57.307,10813.9,0,4.11874e-18,0,True,18.375,5.44024
C3,dec_mpc,20261005,-15.951,1993.87,0.462524,0.268585,2,False,0,0.0227778
C3,dec_mpc,20261006,-15.7552,1969.4,0.548706,0.535566,2,False,0,0.0214929
C3,dec_mpc,20261007,-15.3848,1923.1,0.484865,0.34246,2,False,0,0.0231256
C3,dec_mpc,20261008,-14.9858,1873.23,0.447853,0.249579,2,False,0,0.0218098
C3,dec_mpc,20261009,-15.3311,1916.38,0.474909,0.264889,4,False,0,0.0230913
C3,dec_mpc,20261010,-15.203,1900.37,0.467556,0.285958,2,False,0,0.0219002
C3,dec_mpc,20261011,-15.854,1981.75,0.504044,0.334773,2,False,0,0.021952
C3,dec_mpc,20261012,-15.5225,1940.32,0.506558,0.432398,2,False,0,0.0223392
C3,dec_mpc,20261013,-15.7905,1973.81,0.501015,0.426368,4,False,0,0.0236488
C3,dec_mpc,20261014,-15.5089,1938.62,0.43949,0.209969,2,False,0,0.0222383
C3,dec_mpc,20261015,-15.5132,1939.15,0.459627,0.256858,2,False,0,0.0223418
C3,dec_mpc,20261016,-15.6605,1957.56,0.430819,0.148533,2,False,0,0.0228215
C3,dec_mpc,20261017,-16.0304,2003.81,0.468128,0.180487,3,False,0,0.0227773
C3,dec_mpc,20261018,-15.2929,1911.61,0.423493,0.107001,2,False,0,0.0240455
C3,dec_mpc,20261019,-15.2118,1901.47,0.43272,0.141033,2,False,0,0.0209678
C3,dec_mpc,20261020,-15.3234,1915.43,0.437097,0.206293,2,False,0,0.0231319
C3,dec_mpc,20261021,-15.5306,1941.33,0.424696,0.07146,2,False,0,0.0228248
C3,dec_mpc,20261022,-15.5983,1949.79,0.484788,0.215768,2,False,0,0.0229046
C3,dec_mpc,20261023,-15.6282,1953.52,0.450097,0.190703,2,False,0,0.0227206
C3,dec_mpc,20261024,-15.2415,1905.19,0.476431,0.303255,2,False,0,0.0222048
C3,dist_mpc,20261005,-17.1132,2139.16,0.00759331,0.165064,1,False,25.125,0.254789
C3,dist_mpc,20261006,-16.9369,2117.11,0.0489462,0.220593,1,False,55.625,0.754903
C3,dist_mpc,20261007,-16.4481,2056.02,0.0220363,0.107064,1,False,24.6667,0.253258
C3,dist_mpc,20261008,-16.1673,2020.91,0.00606477,0.136263,1,False,44.5833,0.519518
C3,dist_mpc,20261009,-16.521,2065.13,0.00897242,0.126241,1,False,49.0417,0.613917
C3,dist_mpc,20261010,-16.3746,2046.82,0.0015086,0.104347,1,False,27.4167,0.2888
C3,dist_mpc,20261011,-16.9667,2120.84,0.0148082,0.299695,1,False,25.625,0.263637
C3,dist_mpc,20261012,-16.6857,2085.71,0.0238057,0.14863,1,False,25.2083,0.264209
C3,dist_mpc,20261013,-16.9998,2124.98,0.0367579,0.221162,1,False,23.9167,0.255682
C3,dist_mpc,20261014,-16.5955,2074.44,0.00124503,0.0247218,1,False,26.4583,0.267043
C3,dist_mpc,20261015,-16.715,2089.38,0.0135458,0.21802,1,False,51.0833,0.520672
C3,dist_mpc,20261016,-16.8349,2104.37,0,0.00484317,1,False,25.9583,0.258738
C3,dist_mpc,20261017,-17.1662,2145.77,0,0.0500348,1,False,76.625,0.954351
C3,dist_mpc,20261018,-16.3924,2049.05,0,0.0136494,1,False,25.0833,0.264797
C3,dist_mpc,20261019,-16.279,2034.88,0,0.0740855,1,False,25.2917,0.253722
C3,dist_mpc,20261020,-16.5227,2065.33,0,0.0330618,1,False,23.875,0.242947
C3,dist_mpc,20261021,-16.7499,2093.74,0,0.0156321,1,False,24.8333,0.2553
C3,dist_mpc,20261022,-16.7704,2096.3,0.00629289,0.0976248,1,False,23.9167,0.257867
C3,dist_mpc,20261023,-16.8395,2104.93,0.014638,0.0695039,1,False,33.6667,0.340855
C3,dist_mpc,20261024,-16.4112,2051.39,0.01755,0.146333,1,False,22.625,0.23465
