case,method,seed,days,reward,cost,global_cost,local_cost,violation_hours,feasible_days
C1,proposed,1,20,16.1695,34275.4,0,0.938621,16.8,0
C1,proposed,2,20,15.2096,34595.3,0,1.32512,17.1,0
C1,proposed,3,20,16.4541,34180.5,0.0368091,0.904583,18.85,0
C1,proposed,4,20,14.9763,34673.1,0.345953,1.44654,17.3,0
C1,proposed,5,20,14.0398,34985.3,0.00228333,1.30191,17.55,0
C1,mappo_pf,1,20,26.2631,30910.8,3.63986,6.72875,23.55,0
C1,mappo_pf,2,20,24.7471,31416.2,0.351224,6.73621,19.75,0
C1,mappo_pf,3,20,19.7778,33072.6,0.00906272,7.09932,23.45,0
C1,mappo_pf,4,20,23.4473,31849.5,0.090873,5.87225,19.3,0
C1,mappo_pf,5,20,26.5565,30813,0,5.50312,19,0
C1,mappo_lag,1,20,15.8077,34396,0.0265633,45.2658,24,0
C1,mappo_lag,2,20,11.8536,35714,0.210316,70.5736,24,0
C1,mappo_lag,3,20,13.7327,35087.6,0.0399347,64.0052,24,0
C1,mappo_lag,4,20,8.23262,36921,0.167697,99.4534,24,0
C1,mappo_lag,5,20,15.4045,34530.4,0.833783,90.1955,24,0
C1,mappo_vanilla,1,20,30.8878,29369.3,15.0389,38.656,21.9,0
C1,mappo_vanilla,2,20,31.5557,29146.6,20.4907,40.343,23.6,0
C1,mappo_vanilla,3,20,30.7688,29409,0.038514,41.9362,23.95,0
C1,mappo_vanilla,4,20,31.4138,29193.9,30.9794,71.2497,24,0
C1,mappo_vanilla,5,20,30.0523,29647.8,0.513245,50.4875,24,0
C2,proposed,1,20,50.0257,11701.2,0.0016628,0.574415,19.85,0
C2,proposed,2,20,50.3868,11656.1,0.0058225,0.153927,15.45,0
C2,proposed,3,20,52.1739,11432.7,0.102985,0.664596,16.9,0
C2,proposed,4,20,48.1512,11935.5,0.00262266,0.406754,18.65,0
C2,proposed,5,20,51.8065,11478.6,0.0137803,0.406422,14.65,0
C2,mappo_pf,1,20,51.7433,11486.5,0.0166219,0.86299,16.85,0
C2,mappo_pf,2,20,51.0732,11570.3,0.0867037,1.25339,19.8,0
C2,mappo_pf,3,20,50.5752,11632.5,0.0336726,0.951412,21.4,0
C2,mappo_pf,4,20,50.5271,11638.5,0.00955408,0.327661,15.35,0
C2,mappo_pf,5,20,51.9077,11465.9,0.0472132,0.708927,17.75,0
C2,mappo_lag,1,20,19.1446,15561.3,0.00334783,4.8787,22.65,0
C2,mappo_lag,2,20,16.8844,15843.9,0.000966449,8.7536,22.55,0
C2,mappo_lag,3,20,16.2767,15919.8,0.00454576,7.17639,24,0
C2,mappo_lag,4,20,18.8555,15597.5,0.00102507,5.32898,24,0
C2,mappo_lag,5,20,25.0211,14826.8,0.00423512,14.0986,23.05,0
C2,mappo_vanilla,1,20,53.2611,11296.8,13.9592,37.5212,21.85,0
C2,mappo_vanilla,2,20,51.868,11470.9,7.8557,23.8174,21.35,0
C2,mappo_vanilla,3,20,49.3115,11790.5,33.604,78.5095,24,0
C2,mappo_vanilla,4,20,52.7438,11361.4,45.4399,102.447,24,0
C2,mappo_vanilla,5,20,53.5374,11262.2,6.40687,20.4478,20.7,0
C3,proposed,1,20,-19.9145,2489.31,0.586332,2.69259,2.8,0
C3,proposed,2,20,-19.2542,2406.77,0.503075,1.85734,2.85,0
C3,proposed,3,20,-19.085,2385.63,0.55211,2.30379,2.85,0
C3,proposed,4,20,-20.9231,2615.38,0.473123,1.39233,2.75,0
C3,proposed,5,20,-19.144,2393,0.53335,1.36526,2,0
C3,mappo_pf,1,20,-18.2194,2277.43,1.27387,6.19458,3,0
C3,mappo_pf,2,20,-17.7311,2216.37,1.26934,6.3746,4,0
C3,mappo_pf,3,20,-17.4983,2187.29,1.21602,5.53262,3,0
C3,mappo_pf,4,20,-17.2449,2155.61,1.52174,8.47955,4,0
C3,mappo_pf,5,20,-17.9905,2248.81,1.59602,9.01177,4.05,0
C3,mappo_lag,1,20,-26.7095,3337.95,0.00214018,2.85098,4,0
C3,mappo_lag,2,20,-25.6802,3189.2,0,3.52655,3.75,0
C3,mappo_lag,3,20,-24.9128,3110.83,0.0136513,3.52564,4,0
C3,mappo_lag,4,20,-25.499,3187.38,0.0375242,4.086,3.95,0
C3,mappo_lag,5,20,-23.7161,2919.31,0.182904,5.05775,3.1,0
C3,mappo_vanilla,1,20,-15.146,1893.25,13.0296,165.683,20,0
C3,mappo_vanilla,2,20,-16.1711,2021.38,13.9233,232.727,21,0
C3,mappo_vanilla,3,20,-14.6522,1831.53,11.9492,176.089,18.2,0
C3,mappo_vanilla,4,20,-14.6397,1829.97,11.3993,157.65,19.95,0
C3,mappo_vanilla,5,20,-14.8925,1861.57,9.28589,170.041,19.8,0
